entorno,modelo,implementacion,accuracy,precision,recall,f1,roc_auc,pr_auc,umbral,tiempo_preprocesamiento_s,tiempo_entrenamiento_s,tiempo_prediccion_s,tiempo_transferencia_s
pyspark,DecisionTree,DecisionTreeClassifier,0.7163252171335933,0.22219489472703557,0.5550528745904081,0.31735032226817184,0.6948609068618339,0.19992416245479322,0.5740688189199858,42.60561849999999,106.61191500000007,0.7114466000000448,1.2285005999999612
sklearn,DecisionTree,DecisionTreeClassifier,0.7262491125555965,0.22728334319434496,0.5435470658325886,0.32053534177993454,0.7125769691398325,0.23396270322783172,0.59612441084663,19.50466160000002,141.05031839999992,0.18141490000004978,
sklearn,GradientBoosting,HistGradientBoostingClassifier,0.7591326599445748,0.2463744141163496,0.499106344950849,0.32989995200649763,0.7288416360829469,0.256651921617032,0.5953266056185231,19.50466160000002,112.4927158999999,1.0036278999996284,
pyspark,LinearSVC,LinearSVC,0.6380553853775702,0.19042362667687907,0.6295055108728032,0.2923977619620018,0.7123332222003662,0.24591352695216862,0.9995600779581311,42.60561849999999,659.1830834,0.8532371000001149,1.7841922999998587
sklearn,LinearSVC,LinearSVC,0.5995496979924404,0.1835130970724191,0.6873882931188561,0.2896878015864921,0.7090535465636237,0.24142068204953368,0.9999999999993328,19.50466160000002,229.30244539999876,0.1288698000007571,
pyspark,LogisticRegression,LogisticRegression,0.7538090993738679,0.24675758614928733,0.5224717009234435,0.3352026708234044,0.7285956243045888,0.25373447383042197,0.5636190103381193,42.60561849999999,168.88420659999997,0.840409300000033,2.0395723999999973
sklearn,LogisticRegression,LogisticRegression,0.7612780084088813,0.24836649836649838,0.4982126899016979,0.33148350014864736,0.7240811842605892,0.25231648851161,0.5878701744798648,19.50466160000002,86.362683,0.19505370000001676,
pyspark,NaiveBayes,NaiveBayes,0.7191318637327736,0.21965477137785394,0.5344801906464105,0.3113530866339855,0.7024018307176981,0.23125392091900823,0.025,42.60561849999999,21.312616899999966,0.7288352000000486,0.8819589000001997
sklearn,NaiveBayes,GaussianNB,0.7225157638878138,0.22066060360669013,0.527610217456062,0.31117821456022837,0.7023943927556607,0.23108511530030948,0.02801965221254394,19.50466160000002,12.34081470000092,0.8153390000006766,
pyspark,RandomForest,RandomForestClassifier,0.7219340869330585,0.22738251171665014,0.5591301757521596,0.323291475813961,0.7202975459781532,0.2458507143550103,0.5636952876333525,42.60561849999999,375.8205203,2.834526399999959,0.9849375999999666
sklearn,RandomForest,RandomForestClassifier,0.7330699936524225,0.23248178680981596,0.5418342269883825,0.32536222162597267,0.7238107959962634,0.24900196885876444,0.5641169598018786,19.50466160000002,11254.935835100001,3.729668500000116,
