familia,modelo_1,modelo_2,entorno_1,algoritmo_1,entorno_2,algoritmo_2,auc_1,ic95_auc_1_inf,ic95_auc_1_sup,auc_2,ic95_auc_2_inf,ic95_auc_2_sup,delta_auc,ic95_delta_inf,ic95_delta_sup,z,p_bilateral,p_ajustado_holm,significativo_holm,relevante_practica
A_entre_entornos,sklearn:LogisticRegression,spark:LogisticRegression,sklearn,LogisticRegression,spark,LogisticRegression,0.7240811842605892,0.7218974909982907,0.7262648775228877,0.7285956243045888,0.7264296907633683,0.7307615578458093,-0.00451444004399959,-0.0048310538528646505,-0.00419782623513453,-27.946159165709865,7.340320129156623e-172,2.202096038746987e-171,True,False
A_entre_entornos,sklearn:DecisionTree,spark:DecisionTree,sklearn,DecisionTree,spark,DecisionTree,0.7125769691398326,0.7103843225309137,0.7147696157487515,0.6948609068618339,0.6926831067666582,0.6970387069570095,0.017716062277998712,0.016723283278487756,0.01870884127750967,34.97540140338441,5.323873272796175e-268,2.6619366363980875e-267,True,True
A_entre_entornos,sklearn:RandomForest,spark:RandomForest,sklearn,RandomForest,spark,RandomForest,0.7238107959962634,0.7216534290149331,0.7259681629775937,0.7202975459781533,0.7181259680133383,0.7224691239429684,0.0035132500181100923,0.003273796714452941,0.0037527033217672435,28.756519116727723,7.507703121881051e-182,3.0030812487524206e-181,True,False
A_entre_entornos,sklearn:LinearSVC,spark:LinearSVC,sklearn,LinearSVC,spark,LinearSVC,0.7090535465636237,0.7067812911069764,0.7113258020202711,0.7123332222003662,0.7100950308226612,0.7145714135780712,-0.003279675636742474,-0.004000840718516882,-0.002558510554968066,-8.913418427265883,4.948281404852469e-19,9.896562809704939e-19,True,False
A_entre_entornos,sklearn:NaiveBayes,spark:NaiveBayes,sklearn,NaiveBayes,spark,NaiveBayes,0.7023943927556607,0.700146027389278,0.7046427581220435,0.7024018307176981,0.7001533974752525,0.7046502639601437,-7.43796203739322e-06,-1.649226574468297e-05,1.6163416698965322e-06,-1.6100782769115423,0.10738076877710484,0.10738076877710484,False,False
B_dentro_sklearn,sklearn:LogisticRegression,sklearn:DecisionTree,sklearn,LogisticRegression,sklearn,DecisionTree,0.7240811842605892,0.7218974909982907,0.7262648775228877,0.7125769691398326,0.7103843225309137,0.7147696157487515,0.011504215120756611,0.01053283574446845,0.012475594497044773,23.212194799980185,3.4291615904292763e-119,3.086245431386349e-118,True,True
B_dentro_sklearn,sklearn:LogisticRegression,sklearn:RandomForest,sklearn,LogisticRegression,sklearn,RandomForest,0.7240811842605892,0.7218974909982907,0.7262648775228877,0.7238107959962634,0.7216534290149331,0.7259681629775937,0.00027038826432579377,-0.0002725508585468253,0.0008133273871984128,0.9760786018088917,0.3290255144026524,0.3290255144026524,False,False
B_dentro_sklearn,sklearn:LogisticRegression,sklearn:GradientBoosting,sklearn,LogisticRegression,sklearn,GradientBoosting,0.7240811842605892,0.7218974909982907,0.7262648775228877,0.7288416360829469,0.7267003924037627,0.7309828797621312,-0.004760451822357736,-0.005256499819958723,-0.00426440382475675,-18.809297017794634,6.337255157521538e-79,3.168627578760769e-78,True,False
B_dentro_sklearn,sklearn:LogisticRegression,sklearn:LinearSVC,sklearn,LogisticRegression,sklearn,LinearSVC,0.7240811842605892,0.7218974909982907,0.7262648775228877,0.7090535465636237,0.7067812911069764,0.7113258020202711,0.015027637696965468,0.013708111729182319,0.016347163664748615,22.321370990714126,2.2915439083322016e-110,1.8332351266657613e-109,True,True
B_dentro_sklearn,sklearn:LogisticRegression,sklearn:NaiveBayes,sklearn,LogisticRegression,sklearn,NaiveBayes,0.7240811842605892,0.7218974909982907,0.7262648775228877,0.7023943927556607,0.700146027389278,0.7046427581220435,0.02168679150492847,0.020628348306838504,0.022745234703018438,40.15834800260675,0.0,0.0,True,True
B_dentro_sklearn,sklearn:DecisionTree,sklearn:RandomForest,sklearn,DecisionTree,sklearn,RandomForest,0.7125769691398326,0.7103843225309137,0.7147696157487515,0.7238107959962634,0.7216534290149331,0.7259681629775937,-0.011233826856430817,-0.012172705961964977,-0.010294947750896658,-23.45125790677438,1.2834117252705848e-121,1.2834117252705848e-120,True,True
B_dentro_sklearn,sklearn:DecisionTree,sklearn:GradientBoosting,sklearn,DecisionTree,sklearn,GradientBoosting,0.7125769691398326,0.7103843225309137,0.7147696157487515,0.7288416360829469,0.7267003924037627,0.7309828797621312,-0.016264666943114348,-0.01715129814463911,-0.015378035741589587,-35.95425175001922,4.343415793584469e-283,5.646440531659809e-282,True,True
B_dentro_sklearn,sklearn:DecisionTree,sklearn:LinearSVC,sklearn,DecisionTree,sklearn,LinearSVC,0.7125769691398326,0.7103843225309137,0.7147696157487515,0.7090535465636237,0.7067812911069764,0.7113258020202711,0.0035234225762088567,0.0019300971542985169,0.005116747998119196,4.334193917150277,1.4629517796232788e-05,2.9259035592465575e-05,True,False
B_dentro_sklearn,sklearn:DecisionTree,sklearn:NaiveBayes,sklearn,DecisionTree,sklearn,NaiveBayes,0.7125769691398326,0.7103843225309137,0.7147696157487515,0.7023943927556607,0.700146027389278,0.7046427581220435,0.01018257638417186,0.008976677825122925,0.011388474943220794,16.549885421991842,1.604076425687448e-61,6.416305702749791e-61,True,True
B_dentro_sklearn,sklearn:RandomForest,sklearn:GradientBoosting,sklearn,RandomForest,sklearn,GradientBoosting,0.7238107959962634,0.7216534290149331,0.7259681629775937,0.7288416360829469,0.7267003924037627,0.7309828797621312,-0.00503084008668353,-0.005509940756979778,-0.004551739416387282,-20.580779767607243,4.0806436357504146e-94,2.8564505450252904e-93,True,True
B_dentro_sklearn,sklearn:RandomForest,sklearn:LinearSVC,sklearn,RandomForest,sklearn,LinearSVC,0.7238107959962634,0.7216534290149331,0.7259681629775937,0.7090535465636237,0.7067812911069764,0.7113258020202711,0.014757249432639674,0.013260052056759723,0.016254446808519625,19.318546682496386,3.7506195294089726e-83,2.2503717176453836e-82,True,True
B_dentro_sklearn,sklearn:RandomForest,sklearn:NaiveBayes,sklearn,RandomForest,sklearn,NaiveBayes,0.7238107959962634,0.7216534290149331,0.7259681629775937,0.7023943927556607,0.700146027389278,0.7046427581220435,0.021416403240602677,0.02011298679668185,0.022719819684523506,32.20411958567999,1.545441023790337e-227,1.8545292285484044e-226,True,True
B_dentro_sklearn,sklearn:GradientBoosting,sklearn:LinearSVC,sklearn,GradientBoosting,sklearn,LinearSVC,0.7288416360829469,0.7267003924037627,0.7309828797621312,0.7090535465636237,0.7067812911069764,0.7113258020202711,0.019788089519323204,0.018325823499919187,0.02125035553872722,26.523178591358725,5.238112703936956e-155,5.7619239743306513e-154,True,True
B_dentro_sklearn,sklearn:GradientBoosting,sklearn:NaiveBayes,sklearn,GradientBoosting,sklearn,NaiveBayes,0.7288416360829469,0.7267003924037627,0.7309828797621312,0.7023943927556607,0.700146027389278,0.7046427581220435,0.026447243327286207,0.02530204664510505,0.027592440009467364,45.263530027978604,0.0,0.0,True,True
B_dentro_sklearn,sklearn:LinearSVC,sklearn:NaiveBayes,sklearn,LinearSVC,sklearn,NaiveBayes,0.7090535465636237,0.7067812911069764,0.7113258020202711,0.7023943927556607,0.700146027389278,0.7046427581220435,0.006659153807963003,0.005412049081954549,0.007906258533971457,10.465601932962102,1.2428408232114647e-25,3.728522469634394e-25,True,True
C_dentro_spark,spark:LogisticRegression,spark:DecisionTree,spark,LogisticRegression,spark,DecisionTree,0.7285956243045888,0.7264296907633683,0.7307615578458093,0.6948609068618339,0.6926831067666582,0.6970387069570095,0.03373471744275491,0.03252990714907236,0.034939527736437465,54.87903910111843,0.0,0.0,True,True
C_dentro_spark,spark:LogisticRegression,spark:RandomForest,spark,LogisticRegression,spark,RandomForest,0.7285956243045888,0.7264296907633683,0.7307615578458093,0.7202975459781533,0.7181259680133383,0.7224691239429684,0.008298078326435476,0.007570376484629562,0.00902578016824139,22.349723095855126,1.2149484830252523e-110,6.074742415126262e-110,True,True
C_dentro_spark,spark:LogisticRegression,spark:LinearSVC,spark,LogisticRegression,spark,LinearSVC,0.7285956243045888,0.7264296907633683,0.7307615578458093,0.7123332222003662,0.7100950308226612,0.7145714135780712,0.016262402104222584,0.015296982262862586,0.017227821945582582,33.01540020296641,4.8833484579688e-239,3.4183439205781596e-238,True,True
C_dentro_spark,spark:LogisticRegression,spark:NaiveBayes,spark,LogisticRegression,spark,NaiveBayes,0.7285956243045888,0.7264296907633683,0.7307615578458093,0.7024018307176981,0.7001533974752525,0.7046502639601437,0.026193793586890668,0.025113099305541856,0.02727448786823948,47.50547211622691,0.0,0.0,True,True
C_dentro_spark,spark:DecisionTree,spark:RandomForest,spark,DecisionTree,spark,RandomForest,0.6948609068618339,0.6926831067666582,0.6970387069570095,0.7202975459781533,0.7181259680133383,0.7224691239429684,-0.025436639116319437,-0.026367007788081192,-0.024506270444557682,-53.58617295369924,0.0,0.0,True,True
C_dentro_spark,spark:DecisionTree,spark:LinearSVC,spark,DecisionTree,spark,LinearSVC,0.6948609068618339,0.6926831067666582,0.6970387069570095,0.7123332222003662,0.7100950308226612,0.7145714135780712,-0.01747231533853233,-0.019092729623058947,-0.01585190105400571,-21.13355153497328,3.9100263267129415e-99,1.5640105306851766e-98,True,True
C_dentro_spark,spark:DecisionTree,spark:NaiveBayes,spark,DecisionTree,spark,NaiveBayes,0.6948609068618339,0.6926831067666582,0.6970387069570095,0.7024018307176981,0.7001533974752525,0.7046502639601437,-0.0075409238558642455,-0.009070326522569637,-0.006011521189158855,-9.663863866205679,4.2935741789998e-22,4.2935741789998e-22,True,True
C_dentro_spark,spark:RandomForest,spark:LinearSVC,spark,RandomForest,spark,LinearSVC,0.7202975459781533,0.7181259680133383,0.7224691239429684,0.7123332222003662,0.7100950308226612,0.7145714135780712,0.007964323777787108,0.006681921838653134,0.009246725716921082,12.172305179310829,4.365762440545989e-34,8.731524881091977e-34,True,True
C_dentro_spark,spark:RandomForest,spark:NaiveBayes,spark,RandomForest,spark,NaiveBayes,0.7202975459781533,0.7181259680133383,0.7224691239429684,0.7024018307176981,0.7001533974752525,0.7046502639601437,0.01789571526045519,0.016574458219431848,0.019216972301478535,26.546656932786984,2.806906787771643e-155,1.684144072662986e-154,True,True
C_dentro_spark,spark:LinearSVC,spark:NaiveBayes,spark,LinearSVC,spark,NaiveBayes,0.7123332222003662,0.7100950308226612,0.7145714135780712,0.7024018307176981,0.7001533974752525,0.7046502639601437,0.009931391482668084,0.008906912473203778,0.01095587049213239,19.000066807201357,1.7032754199132253e-80,5.109826259739676e-80,True,True
