entorno,etapa,modelo,segundos
sklearn,carga,,255.37271500000003
sklearn,preprocesamiento,,19.50466160000002
pyspark,carga,,37.731049900000016
pyspark,preprocesamiento,,42.60561849999999
sklearn,entrenamiento_gridsearchcv,GradientBoosting,112.4927158999999
sklearn,umbral_oof,GradientBoosting,28.001512699998784
sklearn,prediccion,GradientBoosting,1.0036278999996284
pyspark,entrenamiento_crossvalidator,DecisionTree,106.61191500000007
pyspark,umbral_oof,DecisionTree,15.462457699999959
pyspark,prediccion,DecisionTree,0.7114466000000448
pyspark,transferencia_driver,DecisionTree,1.2285005999999612
pyspark,entrenamiento_crossvalidator,RandomForest,375.8205203
pyspark,umbral_oof,RandomForest,203.3632523
pyspark,prediccion,RandomForest,2.834526399999959
pyspark,transferencia_driver,RandomForest,0.9849375999999666
sklearn,entrenamiento_gridsearchcv,LogisticRegression,86.362683
sklearn,umbral_oof,LogisticRegression,18.9772557
sklearn,prediccion,LogisticRegression,0.19505370000001676
sklearn,entrenamiento_gridsearchcv,DecisionTree,141.05031839999992
sklearn,umbral_oof,DecisionTree,10.042773399999987
sklearn,prediccion,DecisionTree,0.18141490000004978
sklearn,entrenamiento_gridsearchcv,RandomForest,11254.935835100001
sklearn,umbral_oof,RandomForest,3593.2297614
sklearn,prediccion,RandomForest,3.729668500000116
sklearn,entrenamiento_gridsearchcv,GradientBoosting,112.4927158999999
sklearn,umbral_oof,GradientBoosting,28.001512699998784
sklearn,prediccion,GradientBoosting,1.0036278999996284
sklearn,entrenamiento_gridsearchcv,LinearSVC,229.30244539999876
sklearn,umbral_oof,LinearSVC,5.279157900000428
sklearn,prediccion,LinearSVC,0.1288698000007571
sklearn,entrenamiento_gridsearchcv,NaiveBayes,12.34081470000092
sklearn,umbral_oof,NaiveBayes,6.4118366000002425
sklearn,prediccion,NaiveBayes,0.8153390000006766
pyspark,carga,,39.72485729999994
sklearn,entrenamiento_gridsearchcv,LogisticRegression,86.362683
sklearn,umbral_oof,LogisticRegression,18.9772557
sklearn,prediccion,LogisticRegression,0.19505370000001676
sklearn,entrenamiento_gridsearchcv,DecisionTree,141.05031839999992
sklearn,umbral_oof,DecisionTree,10.042773399999987
sklearn,prediccion,DecisionTree,0.18141490000004978
sklearn,entrenamiento_gridsearchcv,RandomForest,11254.935835100001
sklearn,umbral_oof,RandomForest,3593.2297614
sklearn,prediccion,RandomForest,3.729668500000116
sklearn,entrenamiento_gridsearchcv,GradientBoosting,112.4927158999999
sklearn,umbral_oof,GradientBoosting,28.001512699998784
sklearn,prediccion,GradientBoosting,1.0036278999996284
sklearn,entrenamiento_gridsearchcv,LinearSVC,229.30244539999876
sklearn,umbral_oof,LinearSVC,5.279157900000428
sklearn,prediccion,LinearSVC,0.1288698000007571
sklearn,entrenamiento_gridsearchcv,NaiveBayes,12.34081470000092
sklearn,umbral_oof,NaiveBayes,6.4118366000002425
sklearn,prediccion,NaiveBayes,0.8153390000006766
pyspark,entrenamiento_crossvalidator,LogisticRegression,168.88420659999997
pyspark,umbral_oof,LogisticRegression,64.45199490000005
pyspark,prediccion,LogisticRegression,0.840409300000033
pyspark,transferencia_driver,LogisticRegression,2.0395723999999973
pyspark,entrenamiento_crossvalidator,LinearSVC,659.1830834
pyspark,umbral_oof,LinearSVC,191.49460049999993
pyspark,prediccion,LinearSVC,0.8532371000001149
pyspark,transferencia_driver,LinearSVC,1.7841922999998587
pyspark,entrenamiento_crossvalidator,NaiveBayes,21.312616899999966
pyspark,umbral_oof,NaiveBayes,8.828116499999851
pyspark,prediccion,NaiveBayes,0.7288352000000486
pyspark,transferencia_driver,NaiveBayes,0.8819589000001997
